Timestamp,language,problem
10/20/2025 9:45:26,Python,Readability
10/20/2025 10:08:03,Python,Mario
10/20/2025 11:20:23,Python,Filter
10/20/2025 13:37:05,Python,Starting from Scratch
10/20/2025 13:37:06,Scratch,Starting from Scratch
10/20/2025 13:37:07,Python,Credit
10/20/2025 13:37:10,Python,"Hello, World"
10/20/2025 13:37:13,C,Cash
10/20/2025 13:37:13,Python,Filter
10/20/2025 13:37:14,Python,Plura1ity
10/20/2025 13:37:14,Python,Filter
10/20/2025 13:37:14,Python,Speller
10/20/2025 13:37:15,Python,Starting from Scratch
10/20/2025 13:37:15,Python,Filter
10/20/2025 13:37:16,Python,"Hello, It's Me"